name,intptlat,intptlon
Gilroy,+37.0064066,-121.5853213
San Jose,+37.2967394,-121.8189089
Morgan Hill,+37.1323963,-121.641
Monterey,+36.6012904,-121.88256
Salinas,+36.6901821,-121.63371
Hollister,+36.8563746,-121.39812
Watsonville,+36.9196077,-121.77025
Carmel-by-the-Sea,+36.5529458,-121.92189
Gonzales,+36.505979,-121.44292
Marina,+36.6805918,-121.79007
Soledad,+36.4379099,-121.31561
King City,+36.2162833,-121.13196
